mode,task_suite,task_id,task_name,episode,initial_state_id,success,timeout,steps,policy_calls,sampled_action_chunks,avg_h,h_distribution_json,actual_wall_total_ms,policy_rpc_wall_total_ms,actual_episode_elapsed_total_ms,actual_policy_total_ms,actual_server_total_ms,actual_predictor_total_ms,actual_batched_teacher_total_ms,actual_contextual_fusion_total_ms,contextual_fusion_translation_disagreement_mean,contextual_fusion_rotation_disagreement_mean,contextual_fusion_gripper_conflict_rate,contextual_fusion_expert_gate_rate,contextual_fusion_phase_expert_rate,actual_harp_residual_total_ms,actual_harp_gripper_event_total_ms
ordered_transformer,libero_10,0,LIVING_ROOM_SCENE2_put_both_the_alphabet_soup_and_the_tomato_sauce_in_the_basket,336,336,1,0,266,13,13,20.384615384615383,"{""15"": 2, ""20"": 8, ""25"": 3}",1577.388955745846,1577.388955745846,11918.770487885922,1423.9713591523468,1553.1671671196818,81.17170399054885,nan,nan,nan,nan,nan,nan,nan,nan,nan
ordered_feedback_current,libero_10,0,LIVING_ROOM_SCENE2_put_both_the_alphabet_soup_and_the_tomato_sauce_in_the_basket,336,336,1,0,257,13,13,19.615384615384617,"{""5"": 1, ""15"": 2, ""20"": 6, ""25"": 4}",1564.0235058963299,1564.0235058963299,11991.62826500833,1410.5494902469218,1540.2699075639248,79.84046172350645,nan,nan,nan,nan,nan,nan,nan,nan,nan
ordered_feedback_current,libero_10,0,LIVING_ROOM_SCENE2_put_both_the_alphabet_soup_and_the_tomato_sauce_in_the_basket,337,337,1,0,270,13,13,20.0,"{""10"": 1, ""15"": 2, ""20"": 6, ""25"": 4}",1599.8149188235402,1599.8149188235402,12417.769771069288,1438.6874032206833,1575.0108566135168,81.98745362460613,nan,nan,nan,nan,nan,nan,nan,nan,nan
ordered_transformer,libero_10,0,LIVING_ROOM_SCENE2_put_both_the_alphabet_soup_and_the_tomato_sauce_in_the_basket,337,337,1,0,270,13,13,20.0,"{""10"": 1, ""15"": 2, ""20"": 6, ""25"": 4}",1578.101315535605,1578.101315535605,12373.491233214736,1415.6799395568669,1553.0767007730901,80.6063562631607,nan,nan,nan,nan,nan,nan,nan,nan,nan
ordered_transformer,libero_10,0,LIVING_ROOM_SCENE2_put_both_the_alphabet_soup_and_the_tomato_sauce_in_the_basket,338,338,1,0,266,13,13,20.76923076923077,"{""15"": 2, ""20"": 7, ""25"": 4}",1587.8883572295308,1587.8883572295308,12571.835127659142,1426.5736229717731,1562.7870433963835,81.77966251969337,nan,nan,nan,nan,nan,nan,nan,nan,nan
ordered_feedback_current,libero_10,0,LIVING_ROOM_SCENE2_put_both_the_alphabet_soup_and_the_tomato_sauce_in_the_basket,338,338,1,0,266,13,13,20.76923076923077,"{""15"": 2, ""20"": 7, ""25"": 4}",1557.0942992344499,1557.0942992344499,12531.129790004343,1403.0209952034056,1532.5962216593325,81.4253413118422,nan,nan,nan,nan,nan,nan,nan,nan,nan
ordered_feedback_current,libero_10,0,LIVING_ROOM_SCENE2_put_both_the_alphabet_soup_and_the_tomato_sauce_in_the_basket,339,339,1,0,412,21,21,19.523809523809526,"{""5"": 1, ""15"": 4, ""20"": 11, ""25"": 5}",2485.2772569283843,2485.2772569283843,16666.820183862,2242.349796462804,2445.693795569241,123.75261960551143,nan,nan,nan,nan,nan,nan,nan,nan,nan
ordered_transformer,libero_10,0,LIVING_ROOM_SCENE2_put_both_the_alphabet_soup_and_the_tomato_sauce_in_the_basket,339,339,1,0,288,14,14,20.0,"{""5"": 1, ""15"": 2, ""20"": 6, ""25"": 5}",1695.4604680649936,1695.4604680649936,13535.884823650122,1522.5278013385832,1669.7032409720123,87.76838891208172,nan,nan,nan,nan,nan,nan,nan,nan,nan
ordered_transformer,libero_10,0,LIVING_ROOM_SCENE2_put_both_the_alphabet_soup_and_the_tomato_sauce_in_the_basket,340,340,1,0,360,18,18,19.72222222222222,"{""5"": 1, ""15"": 3, ""20"": 9, ""25"": 5}",2201.5496804378927,2201.5496804378927,14451.73914032057,1975.1088726334274,2167.078897356987,112.78298310935497,nan,nan,nan,nan,nan,nan,nan,nan,nan
ordered_feedback_current,libero_10,0,LIVING_ROOM_SCENE2_put_both_the_alphabet_soup_and_the_tomato_sauce_in_the_basket,340,340,1,0,360,18,18,19.72222222222222,"{""5"": 1, ""15"": 3, ""20"": 9, ""25"": 5}",2199.210848659277,2199.210848659277,14463.376767933369,1972.855866421014,2165.3459537774324,115.0107029825449,nan,nan,nan,nan,nan,nan,nan,nan,nan
ordered_feedback_current,libero_10,0,LIVING_ROOM_SCENE2_put_both_the_alphabet_soup_and_the_tomato_sauce_in_the_basket,341,341,1,0,302,15,15,20.0,"{""5"": 1, ""15"": 2, ""20"": 7, ""25"": 5}",1836.8209120817482,1836.8209120817482,12791.245406959206,1651.1445227079093,1808.7713029235601,93.59695436432958,nan,nan,nan,nan,nan,nan,nan,nan,nan
ordered_transformer,libero_10,0,LIVING_ROOM_SCENE2_put_both_the_alphabet_soup_and_the_tomato_sauce_in_the_basket,341,341,1,0,285,14,14,20.0,"{""5"": 1, ""15"": 2, ""20"": 6, ""25"": 5}",1710.7996521517634,1710.7996521517634,12306.202399078757,1536.7575092241168,1685.83501316607,88.42525165528059,nan,nan,nan,nan,nan,nan,nan,nan,nan
ordered_transformer,libero_10,0,LIVING_ROOM_SCENE2_put_both_the_alphabet_soup_and_the_tomato_sauce_in_the_basket,342,342,1,0,318,16,16,20.0,"{""15"": 4, ""20"": 8, ""25"": 4}",1955.4875353351235,1955.4875353351235,13217.372559942305,1752.885154914111,1925.833631772548,100.9103967808187,nan,nan,nan,nan,nan,nan,nan,nan,nan
ordered_feedback_current,libero_10,0,LIVING_ROOM_SCENE2_put_both_the_alphabet_soup_and_the_tomato_sauce_in_the_basket,342,342,1,0,316,16,16,19.375,"{""15"": 5, ""20"": 8, ""25"": 3}",1947.5458459928632,1947.5458459928632,13268.893063999712,1747.211133595556,1917.9555498994887,100.48261191695929,nan,nan,nan,nan,nan,nan,nan,nan,nan
ordered_feedback_current,libero_10,0,LIVING_ROOM_SCENE2_put_both_the_alphabet_soup_and_the_tomato_sauce_in_the_basket,343,343,1,0,504,24,24,20.625,"{""15"": 7, ""20"": 7, ""25"": 10}",2802.3495161905885,2802.3495161905885,17517.9051742889,2538.00535434857,2759.808129630983,137.91628275066614,nan,nan,nan,nan,nan,nan,nan,nan,nan
ordered_transformer,libero_10,0,LIVING_ROOM_SCENE2_put_both_the_alphabet_soup_and_the_tomato_sauce_in_the_basket,343,343,1,0,324,16,16,20.3125,"{""15"": 4, ""20"": 7, ""25"": 5}",1934.6417016349733,1934.6417016349733,13256.787904072553,1742.720379959792,1905.8803133666515,100.00872099772096,nan,nan,nan,nan,nan,nan,nan,nan,nan
ordered_transformer,libero_10,0,LIVING_ROOM_SCENE2_put_both_the_alphabet_soup_and_the_tomato_sauce_in_the_basket,344,344,0,1,1000,48,48,20.625,"{""10"": 1, ""15"": 2, ""20"": 35, ""25"": 10}",5829.808655194938,5829.808655194938,27858.746462035924,5236.732465680689,5740.314566995949,302.33703134581447,nan,nan,nan,nan,nan,nan,nan,nan,nan
ordered_feedback_current,libero_10,0,LIVING_ROOM_SCENE2_put_both_the_alphabet_soup_and_the_tomato_sauce_in_the_basket,344,344,1,0,794,38,38,20.657894736842106,"{""5"": 3, ""15"": 2, ""20"": 17, ""25"": 16}",4616.9572323560715,4616.9572323560715,23556.130076758564,4145.918321795762,4546.466726344079,239.70302427187562,nan,nan,nan,nan,nan,nan,nan,nan,nan
ordered_feedback_current,libero_10,0,LIVING_ROOM_SCENE2_put_both_the_alphabet_soup_and_the_tomato_sauce_in_the_basket,345,345,1,0,281,14,14,20.0,"{""15"": 3, ""20"": 8, ""25"": 3}",1701.5030607581139,1701.5030607581139,12219.189925584942,1529.040570370853,1676.054724957794,86.54191996902227,nan,nan,nan,nan,nan,nan,nan,nan,nan
ordered_transformer,libero_10,0,LIVING_ROOM_SCENE2_put_both_the_alphabet_soup_and_the_tomato_sauce_in_the_basket,345,345,1,0,278,14,14,19.642857142857142,"{""10"": 1, ""15"": 2, ""20"": 8, ""25"": 3}",1667.4942644312978,1667.4942644312978,12030.103653203696,1504.7640488483012,1640.902609564364,83.79538170993328,nan,nan,nan,nan,nan,nan,nan,nan,nan
ordered_transformer,libero_10,1,LIVING_ROOM_SCENE2_put_both_the_cream_cheese_box_and_the_butter_in_the_basket,336,336,1,0,250,24,24,10.0,"{""5"": 15, ""15"": 4, ""20"": 4, ""25"": 1}",2802.323173265904,2802.323173265904,12872.438099235296,2537.1291115880013,2762.6294582150877,139.24368657171726,nan,nan,nan,nan,nan,nan,nan,nan,nan
ordered_feedback_current,libero_10,1,LIVING_ROOM_SCENE2_put_both_the_cream_cheese_box_and_the_butter_in_the_basket,336,336,1,0,248,21,21,12.142857142857142,"{""5"": 10, ""15"": 5, ""20"": 4, ""25"": 2}",2545.586036052555,2545.586036052555,12720.014155842364,2269.1637300886214,2505.4435152560472,128.62138450145721,nan,nan,nan,nan,nan,nan,nan,nan,nan
ordered_feedback_current,libero_10,1,LIVING_ROOM_SCENE2_put_both_the_cream_cheese_box_and_the_butter_in_the_basket,337,337,1,0,257,20,20,12.5,"{""5"": 10, ""15"": 3, ""20"": 4, ""25"": 3}",2378.581582568586,2378.581582568586,12545.283483341336,2143.3769087307155,2344.560627359897,121.95217469707131,nan,nan,nan,nan,nan,nan,nan,nan,nan
ordered_transformer,libero_10,1,LIVING_ROOM_SCENE2_put_both_the_cream_cheese_box_and_the_butter_in_the_basket,337,337,1,0,260,20,20,13.0,"{""5"": 8, ""10"": 1, ""15"": 3, ""20"": 7, ""25"": 1}",2409.8371216095984,2409.8371216095984,12526.904221158475,2163.87407341972,2371.590972878039,121.41613196581602,nan,nan,nan,nan,nan,nan,nan,nan,nan
ordered_transformer,libero_10,1,LIVING_ROOM_SCENE2_put_both_the_cream_cheese_box_and_the_butter_in_the_basket,338,338,1,0,251,23,23,11.08695652173913,"{""5"": 13, ""15"": 3, ""20"": 6, ""25"": 1}",2809.711668174714,2809.711668174714,12873.715074267238,2531.1026754789054,2767.949956469238,145.85301093757153,nan,nan,nan,nan,nan,nan,nan,nan,nan
ordered_feedback_current,libero_10,1,LIVING_ROOM_SCENE2_put_both_the_cream_cheese_box_and_the_butter_in_the_basket,338,338,1,0,253,19,19,13.421052631578947,"{""5"": 8, ""15"": 3, ""20"": 6, ""25"": 2}",2314.4768667407334,2314.4768667407334,12338.764852378517,2084.6139048226178,2281.018705572933,118.72474662959576,nan,nan,nan,nan,nan,nan,nan,nan,nan
ordered_feedback_current,libero_10,1,LIVING_ROOM_SCENE2_put_both_the_cream_cheese_box_and_the_butter_in_the_basket,339,339,1,0,248,20,20,12.0,"{""5"": 10, ""15"": 4, ""20"": 4, ""25"": 2}",2417.5473074428737,2417.5473074428737,12488.57481079176,2176.9150835461915,2382.762369234115,124.69639256596565,nan,nan,nan,nan,nan,nan,nan,nan,nan
ordered_transformer,libero_10,1,LIVING_ROOM_SCENE2_put_both_the_cream_cheese_box_and_the_butter_in_the_basket,339,339,1,0,257,22,22,12.045454545454545,"{""5"": 11, ""15"": 4, ""20"": 5, ""25"": 2}",2661.526278126985,2661.526278126985,12937.440593726933,2386.7228450253606,2621.1364599876106,135.01582155004144,nan,nan,nan,nan,nan,nan,nan,nan,nan
ordered_transformer,libero_10,1,LIVING_ROOM_SCENE2_put_both_the_cream_cheese_box_and_the_butter_in_the_basket,340,340,1,0,246,16,16,15.3125,"{""5"": 5, ""15"": 3, ""20"": 5, ""25"": 3}",1963.830147869885,1963.830147869885,11924.773413222283,1763.9594599604607,1933.1717672757804,99.75811233744025,nan,nan,nan,nan,nan,nan,nan,nan,nan
ordered_feedback_current,libero_10,1,LIVING_ROOM_SCENE2_put_both_the_cream_cheese_box_and_the_butter_in_the_basket,340,340,1,0,246,20,20,12.5,"{""5"": 10, ""15"": 2, ""20"": 6, ""25"": 2}",2390.619826503098,2390.619826503098,12445.371637120843,2161.089661065489,2354.646906722337,124.41905727609992,nan,nan,nan,nan,nan,nan,nan,nan,nan
ordered_feedback_current,libero_10,1,LIVING_ROOM_SCENE2_put_both_the_cream_cheese_box_and_the_butter_in_the_basket,341,341,1,0,247,17,17,14.411764705882353,"{""5"": 6, ""15"": 3, ""20"": 6, ""25"": 2}",2007.8309057280421,2007.8309057280421,12096.537795849144,1814.4021229818463,1977.9824023135006,99.70678482204676,nan,nan,nan,nan,nan,nan,nan,nan,nan
ordered_transformer,libero_10,1,LIVING_ROOM_SCENE2_put_both_the_cream_cheese_box_and_the_butter_in_the_basket,341,341,1,0,248,18,18,13.61111111111111,"{""5"": 7, ""15"": 4, ""20"": 5, ""25"": 2}",2153.3566447906196,2153.3566447906196,12140.219585038722,1931.5173490904272,2120.9792788140476,110.56443769484758,nan,nan,nan,nan,nan,nan,nan,nan,nan
ordered_transformer,libero_10,1,LIVING_ROOM_SCENE2_put_both_the_cream_cheese_box_and_the_butter_in_the_basket,342,342,1,0,247,20,20,12.75,"{""5"": 9, ""15"": 4, ""20"": 5, ""25"": 2}",2393.0172696709633,2393.0172696709633,12326.506291981786,2149.3470524437726,2357.1790540590882,121.88939144834876,nan,nan,nan,nan,nan,nan,nan,nan,nan
ordered_feedback_current,libero_10,1,LIVING_ROOM_SCENE2_put_both_the_cream_cheese_box_and_the_butter_in_the_basket,342,342,1,0,247,19,19,12.631578947368421,"{""5"": 9, ""15"": 4, ""20"": 3, ""25"": 3}",2300.435903016478,2300.435903016478,12187.730960082263,2065.4478492215276,2264.4905908964574,119.19929599389434,nan,nan,nan,nan,nan,nan,nan,nan,nan
ordered_feedback_current,libero_10,1,LIVING_ROOM_SCENE2_put_both_the_cream_cheese_box_and_the_butter_in_the_basket,343,343,1,0,246,16,16,15.3125,"{""5"": 5, ""15"": 3, ""20"": 5, ""25"": 3}",1931.5893207676709,1931.5893207676709,11888.451627921313,1737.5568225979805,1903.0462056398392,98.75467326492071,nan,nan,nan,nan,nan,nan,nan,nan,nan
ordered_transformer,libero_10,1,LIVING_ROOM_SCENE2_put_both_the_cream_cheese_box_and_the_butter_in_the_basket,343,343,1,0,248,19,19,13.421052631578947,"{""5"": 8, ""15"": 4, ""20"": 4, ""25"": 3}",2289.9637930095196,2289.9637930095196,12316.123736090958,2059.764290228486,2256.0526407323778,115.40376022458076,nan,nan,nan,nan,nan,nan,nan,nan,nan
ordered_transformer,libero_10,1,LIVING_ROOM_SCENE2_put_both_the_cream_cheese_box_and_the_butter_in_the_basket,344,344,1,0,401,30,30,13.166666666666666,"{""5"": 10, ""15"": 13, ""20"": 5, ""25"": 2}",3562.6873411238194,3562.6873411238194,16181.202882900834,3206.5244163386524,3511.398870497942,184.90183306857944,nan,nan,nan,nan,nan,nan,nan,nan,nan
ordered_feedback_current,libero_10,1,LIVING_ROOM_SCENE2_put_both_the_cream_cheese_box_and_the_butter_in_the_basket,344,344,1,0,254,22,22,11.363636363636363,"{""5"": 13, ""15"": 2, ""20"": 4, ""25"": 3}",2657.1448687464,2657.1448687464,12761.253477074206,2379.4220997951925,2615.5478106811643,140.40452847257257,nan,nan,nan,nan,nan,nan,nan,nan,nan
ordered_feedback_current,libero_10,1,LIVING_ROOM_SCENE2_put_both_the_cream_cheese_box_and_the_butter_in_the_basket,345,345,1,0,242,17,17,14.705882352941176,"{""5"": 6, ""15"": 3, ""20"": 5, ""25"": 3}",2070.272520184517,2070.272520184517,12066.6968440637,1860.9970919787884,2038.3529653772712,106.95273708552122,nan,nan,nan,nan,nan,nan,nan,nan,nan
ordered_transformer,libero_10,1,LIVING_ROOM_SCENE2_put_both_the_cream_cheese_box_and_the_butter_in_the_basket,345,345,1,0,245,19,19,13.157894736842104,"{""5"": 8, ""15"": 3, ""20"": 7, ""25"": 1}",2297.8453999385238,2297.8453999385238,12353.242325596511,2069.1545717418194,2261.2040764652193,119.04215766116977,nan,nan,nan,nan,nan,nan,nan,nan,nan
ordered_transformer,libero_10,2,KITCHEN_SCENE3_turn_on_the_stove_and_put_the_moka_pot_on_it,336,336,0,1,1000,47,47,21.06382978723404,"{""15"": 1, ""20"": 35, ""25"": 11}",5705.42514231056,5705.42514231056,19160.66759126261,5123.648267239332,5621.356816031039,294.3923599086702,nan,nan,nan,nan,nan,nan,nan,nan,nan
ordered_feedback_current,libero_10,2,KITCHEN_SCENE3_turn_on_the_stove_and_put_the_moka_pot_on_it,336,336,0,1,1000,47,47,21.06382978723404,"{""10"": 1, ""20"": 34, ""25"": 12}",5695.808169897646,5695.808169897646,19083.320654928684,5125.806075055152,5612.14025458321,293.5102442279458,nan,nan,nan,nan,nan,nan,nan,nan,nan
ordered_feedback_current,libero_10,2,KITCHEN_SCENE3_turn_on_the_stove_and_put_the_moka_pot_on_it,337,337,1,0,260,11,11,24.09090909090909,"{""20"": 2, ""25"": 9}",1338.6761518195271,1338.6761518195271,6946.307005826384,1200.5727370269597,1318.3440105058253,68.83478071540594,nan,nan,nan,nan,nan,nan,nan,nan,nan
ordered_transformer,libero_10,2,KITCHEN_SCENE3_turn_on_the_stove_and_put_the_moka_pot_on_it,337,337,1,0,260,11,11,24.09090909090909,"{""20"": 2, ""25"": 9}",1359.064965043217,1359.064965043217,6987.203188706189,1220.8984741009772,1338.559222407639,71.22798264026642,nan,nan,nan,nan,nan,nan,nan,nan,nan
ordered_transformer,libero_10,2,KITCHEN_SCENE3_turn_on_the_stove_and_put_the_moka_pot_on_it,338,338,1,0,259,11,11,24.09090909090909,"{""20"": 2, ""25"": 9}",1342.6827285438776,1342.6827285438776,6977.8629979118705,1203.1060867011547,1322.1518630161881,71.66497688740492,nan,nan,nan,nan,nan,nan,nan,nan,nan
ordered_feedback_current,libero_10,2,KITCHEN_SCENE3_turn_on_the_stove_and_put_the_moka_pot_on_it,338,338,1,0,259,11,11,24.09090909090909,"{""20"": 2, ""25"": 9}",1241.0161048173904,1241.0161048173904,6835.872563067824,1127.3127542808652,1222.71219920367,60.444149654358625,nan,nan,nan,nan,nan,nan,nan,nan,nan
ordered_feedback_current,libero_10,2,KITCHEN_SCENE3_turn_on_the_stove_and_put_the_moka_pot_on_it,339,339,1,0,251,11,11,23.636363636363637,"{""20"": 3, ""25"": 8}",1183.407973498106,1183.407973498106,6695.295326877385,1081.6892702132463,1165.8213757909834,54.958606604486704,nan,nan,nan,nan,nan,nan,nan,nan,nan
ordered_transformer,libero_10,2,KITCHEN_SCENE3_turn_on_the_stove_and_put_the_moka_pot_on_it,339,339,1,0,252,11,11,24.09090909090909,"{""20"": 2, ""25"": 9}",1175.9814862161875,1175.9814862161875,6712.495126295835,1078.387735877186,1159.1250076889992,54.89302659407258,nan,nan,nan,nan,nan,nan,nan,nan,nan
ordered_transformer,libero_10,2,KITCHEN_SCENE3_turn_on_the_stove_and_put_the_moka_pot_on_it,340,340,1,0,260,11,11,24.09090909090909,"{""20"": 2, ""25"": 9}",1145.5672169104218,1145.5672169104218,6834.218584932387,1051.3853817246854,1128.9803008548915,52.427024114876986,nan,nan,nan,nan,nan,nan,nan,nan,nan
ordered_feedback_current,libero_10,2,KITCHEN_SCENE3_turn_on_the_stove_and_put_the_moka_pot_on_it,340,340,1,0,260,11,11,24.09090909090909,"{""20"": 2, ""25"": 9}",1187.9814234562218,1187.9814234562218,6812.5384179875255,1087.7356422133744,1170.469970908016,57.64618003740907,nan,nan,nan,nan,nan,nan,nan,nan,nan
ordered_feedback_current,libero_10,2,KITCHEN_SCENE3_turn_on_the_stove_and_put_the_moka_pot_on_it,341,341,1,0,243,10,10,23.5,"{""20"": 3, ""25"": 7}",984.6671004779637,984.6671004779637,6531.429226044565,910.1823922246695,969.0445098094642,41.84114933013916,nan,nan,nan,nan,nan,nan,nan,nan,nan
ordered_transformer,libero_10,2,KITCHEN_SCENE3_turn_on_the_stove_and_put_the_moka_pot_on_it,341,341,1,0,238,10,10,24.0,"{""20"": 2, ""25"": 8}",1136.8933296762407,1136.8933296762407,6537.194936070591,1033.0572952516377,1118.7848262488842,56.89710984006524,nan,nan,nan,nan,nan,nan,nan,nan,nan
ordered_transformer,libero_10,2,KITCHEN_SCENE3_turn_on_the_stove_and_put_the_moka_pot_on_it,342,342,1,0,256,11,11,23.181818181818183,"{""15"": 1, ""20"": 2, ""25"": 8}",1347.885244525969,1347.885244525969,6926.18928803131,1211.7060800082982,1327.4027714505792,70.14058297500014,nan,nan,nan,nan,nan,nan,nan,nan,nan
ordered_feedback_current,libero_10,2,KITCHEN_SCENE3_turn_on_the_stove_and_put_the_moka_pot_on_it,342,342,1,0,256,11,11,23.181818181818183,"{""15"": 1, ""20"": 2, ""25"": 8}",1341.819065157324,1341.819065157324,6937.689944170415,1208.2645776681602,1320.3216227702796,70.56268164888024,nan,nan,nan,nan,nan,nan,nan,nan,nan
ordered_feedback_current,libero_10,2,KITCHEN_SCENE3_turn_on_the_stove_and_put_the_moka_pot_on_it,343,343,1,0,240,10,10,24.0,"{""20"": 2, ""25"": 8}",1218.2826502248645,1218.2826502248645,6523.6636297777295,1092.7968095056713,1199.6482405811548,63.95304948091507,nan,nan,nan,nan,nan,nan,nan,nan,nan
ordered_transformer,libero_10,2,KITCHEN_SCENE3_turn_on_the_stove_and_put_the_moka_pot_on_it,343,343,1,0,240,10,10,24.0,"{""20"": 2, ""25"": 8}",1242.2721907496452,1242.2721907496452,6682.600779924542,1114.9017186835408,1222.6625881157815,64.35869401320815,nan,nan,nan,nan,nan,nan,nan,nan,nan
ordered_transformer,libero_10,2,KITCHEN_SCENE3_turn_on_the_stove_and_put_the_moka_pot_on_it,344,344,1,0,242,10,10,24.0,"{""20"": 2, ""25"": 8}",1222.7480486035347,1222.7480486035347,6570.210324134678,1101.1102828197181,1204.2328915558755,62.25125677883625,nan,nan,nan,nan,nan,nan,nan,nan,nan
ordered_feedback_current,libero_10,2,KITCHEN_SCENE3_turn_on_the_stove_and_put_the_moka_pot_on_it,344,344,1,0,242,10,10,24.0,"{""20"": 2, ""25"": 8}",1239.0542062930763,1239.0542062930763,6580.464038066566,1112.2553115710616,1220.7065327093005,64.80248365551233,nan,nan,nan,nan,nan,nan,nan,nan,nan
ordered_feedback_current,libero_10,2,KITCHEN_SCENE3_turn_on_the_stove_and_put_the_moka_pot_on_it,345,345,1,0,256,11,11,24.09090909090909,"{""20"": 2, ""25"": 9}",1347.9342814534903,1347.9342814534903,6913.631243631244,1212.8793210722506,1328.220361378044,69.36709210276604,nan,nan,nan,nan,nan,nan,nan,nan,nan
ordered_transformer,libero_10,2,KITCHEN_SCENE3_turn_on_the_stove_and_put_the_moka_pot_on_it,345,345,1,0,256,11,11,24.09090909090909,"{""20"": 2, ""25"": 9}",1357.3335246182978,1357.3335246182978,6918.441469781101,1218.78043981269,1337.392731104046,71.7259063385427,nan,nan,nan,nan,nan,nan,nan,nan,nan
ordered_transformer,libero_10,3,KITCHEN_SCENE4_put_the_black_bowl_in_the_bottom_drawer_of_the_cabinet_and_close_it,336,336,1,0,241,11,11,23.181818181818183,"{""10"": 1, ""20"": 1, ""25"": 9}",1213.7469691224396,1213.7469691224396,7811.02947704494,1106.9545024074614,1196.2542990222573,58.430719655007124,nan,nan,nan,nan,nan,nan,nan,nan,nan
ordered_feedback_current,libero_10,3,KITCHEN_SCENE4_put_the_black_bowl_in_the_bottom_drawer_of_the_cabinet_and_close_it,336,336,1,0,225,10,10,21.5,"{""10"": 2, ""20"": 1, ""25"": 7}",1000.9333402849734,1000.9333402849734,7363.681191112846,926.1904819868505,987.0964167639613,42.31415083631873,nan,nan,nan,nan,nan,nan,nan,nan,nan
ordered_feedback_current,libero_10,3,KITCHEN_SCENE4_put_the_black_bowl_in_the_bottom_drawer_of_the_cabinet_and_close_it,337,337,1,0,227,10,10,23.5,"{""20"": 3, ""25"": 7}",1056.2923904508352,1056.2923904508352,7655.6966989301145,965.7144965603948,1040.9540925174952,48.20885183289647,nan,nan,nan,nan,nan,nan,nan,nan,nan
ordered_transformer,libero_10,3,KITCHEN_SCENE4_put_the_black_bowl_in_the_bottom_drawer_of_the_cabinet_and_close_it,337,337,1,0,226,10,10,22.0,"{""10"": 1, ""20"": 3, ""25"": 6}",1093.4642744250596,1093.4642744250596,7541.124576702714,996.0029530338943,1077.329147607088,53.36060328409076,nan,nan,nan,nan,nan,nan,nan,nan,nan
ordered_transformer,libero_10,3,KITCHEN_SCENE4_put_the_black_bowl_in_the_bottom_drawer_of_the_cabinet_and_close_it,338,338,1,0,232,10,10,24.0,"{""20"": 2, ""25"": 8}",1169.72775477916,1169.72775477916,7648.423954844475,1057.5707568787038,1151.7382860183716,61.48057570680976,nan,nan,nan,nan,nan,nan,nan,nan,nan
ordered_feedback_current,libero_10,3,KITCHEN_SCENE4_put_the_black_bowl_in_the_bottom_drawer_of_the_cabinet_and_close_it,338,338,1,0,232,10,10,24.0,"{""20"": 2, ""25"": 8}",1220.070708077401,1220.070708077401,7672.8649297729135,1094.777148682624,1199.8330475762486,62.81088478863239,nan,nan,nan,nan,nan,nan,nan,nan,nan
ordered_feedback_current,libero_10,3,KITCHEN_SCENE4_put_the_black_bowl_in_the_bottom_drawer_of_the_cabinet_and_close_it,339,339,0,1,1000,46,46,21.52173913043478,"{""20"": 32, ""25"": 14}",5429.593771230429,5429.593771230429,22849.650186952204,4906.204305589199,5348.2763026840985,270.79482143744826,nan,nan,nan,nan,nan,nan,nan,nan,nan
ordered_transformer,libero_10,3,KITCHEN_SCENE4_put_the_black_bowl_in_the_bottom_drawer_of_the_cabinet_and_close_it,339,339,1,0,249,11,11,22.272727272727273,"{""10"": 1, ""20"": 3, ""25"": 7}",1325.685563031584,1325.685563031584,8265.931650996208,1191.133217420429,1306.3462539575994,68.15476296469569,nan,nan,nan,nan,nan,nan,nan,nan,nan
ordered_transformer,libero_10,3,KITCHEN_SCENE4_put_the_black_bowl_in_the_bottom_drawer_of_the_cabinet_and_close_it,340,340,1,0,215,9,9,23.333333333333332,"{""20"": 3, ""25"": 6}",1093.1840357370675,1093.1840357370675,7511.634037829936,981.5734652802348,1077.0350988022983,55.664267390966415,nan,nan,nan,nan,nan,nan,nan,nan,nan
ordered_feedback_current,libero_10,3,KITCHEN_SCENE4_put_the_black_bowl_in_the_bottom_drawer_of_the_cabinet_and_close_it,340,340,1,0,219,9,9,23.88888888888889,"{""20"": 2, ""25"": 7}",1089.6793133579195,1089.6793133579195,7512.063106987625,979.3380312621593,1073.40480806306,55.84082705900073,nan,nan,nan,nan,nan,nan,nan,nan,nan
ordered_feedback_current,libero_10,3,KITCHEN_SCENE4_put_the_black_bowl_in_the_bottom_drawer_of_the_cabinet_and_close_it,341,341,1,0,239,10,10,24.0,"{""20"": 2, ""25"": 8}",1215.42904432863,1215.42904432863,7865.871977992356,1091.0057337023318,1197.319836821407,62.92114872485399,nan,nan,nan,nan,nan,nan,nan,nan,nan
ordered_transformer,libero_10,3,KITCHEN_SCENE4_put_the_black_bowl_in_the_bottom_drawer_of_the_cabinet_and_close_it,341,341,1,0,239,10,10,24.0,"{""20"": 2, ""25"": 8}",1218.321818858385,1218.321818858385,7914.766178000718,1093.466411344707,1199.700201395899,61.76644982770085,nan,nan,nan,nan,nan,nan,nan,nan,nan
ordered_transformer,libero_10,3,KITCHEN_SCENE4_put_the_black_bowl_in_the_bottom_drawer_of_the_cabinet_and_close_it,342,342,1,0,242,11,11,22.727272727272727,"{""10"": 1, ""20"": 2, ""25"": 8}",1342.2670578584075,1342.2670578584075,8040.235278662294,1203.5252354107797,1321.6409706510603,69.04103420674801,nan,nan,nan,nan,nan,nan,nan,nan,nan
ordered_feedback_current,libero_10,3,KITCHEN_SCENE4_put_the_black_bowl_in_the_bottom_drawer_of_the_cabinet_and_close_it,342,342,0,1,1000,47,47,21.06382978723404,"{""10"": 1, ""20"": 34, ""25"": 12}",5368.926307652146,5368.926307652146,22845.101031009108,4858.186514116824,5289.170356467366,265.7038285396993,nan,nan,nan,nan,nan,nan,nan,nan,nan
ordered_feedback_current,libero_10,3,KITCHEN_SCENE4_put_the_black_bowl_in_the_bottom_drawer_of_the_cabinet_and_close_it,343,343,1,0,232,12,12,19.583333333333332,"{""5"": 2, ""10"": 1, ""20"": 2, ""25"": 7}",1451.6910342499614,1451.6910342499614,8047.863516025245,1304.4026312418282,1430.2915264852345,74.06107941642404,nan,nan,nan,nan,nan,nan,nan,nan,nan
ordered_transformer,libero_10,3,KITCHEN_SCENE4_put_the_black_bowl_in_the_bottom_drawer_of_the_cabinet_and_close_it,343,343,1,0,223,11,11,20.90909090909091,"{""5"": 1, ""10"": 1, ""20"": 2, ""25"": 7}",1333.7050811387599,1333.7050811387599,7890.163549687713,1198.9314164966345,1313.8063768856227,68.47150065004826,nan,nan,nan,nan,nan,nan,nan,nan,nan
ordered_transformer,libero_10,3,KITCHEN_SCENE4_put_the_black_bowl_in_the_bottom_drawer_of_the_cabinet_and_close_it,344,344,1,0,237,11,11,22.272727272727273,"{""10"": 1, ""20"": 3, ""25"": 7}",1318.4568211436272,1318.4568211436272,7947.354800999165,1182.0037253201008,1297.6429723203182,65.95563516020775,nan,nan,nan,nan,nan,nan,nan,nan,nan
ordered_feedback_current,libero_10,3,KITCHEN_SCENE4_put_the_black_bowl_in_the_bottom_drawer_of_the_cabinet_and_close_it,344,344,1,0,236,10,10,24.0,"{""20"": 2, ""25"": 8}",1235.977528616786,1235.977528616786,7852.575215045363,1110.604677349329,1217.5002847798169,64.06863685697317,nan,nan,nan,nan,nan,nan,nan,nan,nan
ordered_feedback_current,libero_10,3,KITCHEN_SCENE4_put_the_black_bowl_in_the_bottom_drawer_of_the_cabinet_and_close_it,345,345,1,0,985,47,47,20.95744680851064,"{""20"": 38, ""25"": 9}",5718.817252665758,5718.817252665758,22772.41648407653,5141.320273280144,5631.9098505191505,296.0264990106225,nan,nan,nan,nan,nan,nan,nan,nan,nan
ordered_transformer,libero_10,3,KITCHEN_SCENE4_put_the_black_bowl_in_the_bottom_drawer_of_the_cabinet_and_close_it,345,345,1,0,249,13,13,18.846153846153847,"{""5"": 2, ""10"": 2, ""20"": 2, ""25"": 7}",1572.3635721951723,1572.3635721951723,8363.884628750384,1413.0134442821145,1548.668792936951,80.22773126140237,nan,nan,nan,nan,nan,nan,nan,nan,nan
ordered_transformer,libero_10,4,LIVING_ROOM_SCENE5_put_the_white_mug_on_the_left_plate_and_put_the_yellow_and_white_mug_on_the_right_plate,336,336,1,0,239,11,11,20.90909090909091,"{""15"": 4, ""20"": 1, ""25"": 6}",1348.579030483961,1348.579030483961,12029.15410278365,1210.1344810798764,1328.8552099838853,69.46308258920908,nan,nan,nan,nan,nan,nan,nan,nan,nan
ordered_feedback_current,libero_10,4,LIVING_ROOM_SCENE5_put_the_white_mug_on_the_left_plate_and_put_the_yellow_and_white_mug_on_the_right_plate,336,336,1,0,246,12,12,20.833333333333332,"{""15"": 4, ""20"": 2, ""25"": 6}",1451.277726329863,1451.277726329863,12347.767940256745,1303.5494284704328,1429.7135593369603,73.74241016805172,nan,nan,nan,nan,nan,nan,nan,nan,nan
ordered_feedback_current,libero_10,4,LIVING_ROOM_SCENE5_put_the_white_mug_on_the_left_plate_and_put_the_yellow_and_white_mug_on_the_right_plate,337,337,0,1,1000,50,50,19.8,"{""10"": 1, ""15"": 5, ""20"": 39, ""25"": 5}",6095.165860839188,6095.165860839188,27504.55641373992,5466.9509078375995,5996.845115441829,314.65271255001426,nan,nan,nan,nan,nan,nan,nan,nan,nan
ordered_transformer,libero_10,4,LIVING_ROOM_SCENE5_put_the_white_mug_on_the_left_plate_and_put_the_yellow_and_white_mug_on_the_right_plate,337,337,0,1,1000,50,50,19.8,"{""10"": 1, ""15"": 5, ""20"": 39, ""25"": 5}",6175.436958204955,6175.436958204955,27573.06601619348,5542.432075366378,6081.171780359,320.43229369446635,nan,nan,nan,nan,nan,nan,nan,nan,nan
ordered_transformer,libero_10,4,LIVING_ROOM_SCENE5_put_the_white_mug_on_the_left_plate_and_put_the_yellow_and_white_mug_on_the_right_plate,338,338,1,0,233,11,11,20.454545454545453,"{""15"": 4, ""20"": 2, ""25"": 5}",1348.9450910128653,1348.9450910128653,12032.629415858537,1205.3126636892557,1328.476210590452,73.6826192587614,nan,nan,nan,nan,nan,nan,nan,nan,nan
ordered_feedback_current,libero_10,4,LIVING_ROOM_SCENE5_put_the_white_mug_on_the_left_plate_and_put_the_yellow_and_white_mug_on_the_right_plate,338,338,1,0,238,12,12,19.583333333333332,"{""5"": 1, ""15"": 3, ""20"": 3, ""25"": 5}",1458.9785975404084,1458.9785975404084,12126.607913989574,1307.9591351561248,1436.2515076063573,74.61465755477548,nan,nan,nan,nan,nan,nan,nan,nan,nan
ordered_feedback_current,libero_10,4,LIVING_ROOM_SCENE5_put_the_white_mug_on_the_left_plate_and_put_the_yellow_and_white_mug_on_the_right_plate,339,339,1,0,255,12,12,20.416666666666668,"{""15"": 4, ""20"": 3, ""25"": 5}",1479.7193938866258,1479.7193938866258,12422.746053431183,1326.6998454928398,1456.9616513326764,75.72902366518974,nan,nan,nan,nan,nan,nan,nan,nan,nan
ordered_transformer,libero_10,4,LIVING_ROOM_SCENE5_put_the_white_mug_on_the_left_plate_and_put_the_yellow_and_white_mug_on_the_right_plate,339,339,1,0,255,12,12,20.416666666666668,"{""15"": 4, ""20"": 3, ""25"": 5}",1462.9839616827667,1462.9839616827667,12330.640614032745,1310.9673419967294,1440.611029509455,74.9073987826705,nan,nan,nan,nan,nan,nan,nan,nan,nan
ordered_transformer,libero_10,4,LIVING_ROOM_SCENE5_put_the_white_mug_on_the_left_plate_and_put_the_yellow_and_white_mug_on_the_right_plate,340,340,1,0,234,12,12,19.166666666666668,"{""15"": 6, ""20"": 2, ""25"": 4}",1419.4720587693155,1419.4720587693155,12014.406082220376,1281.9543085061014,1398.3777216635644,72.76436174288392,nan,nan,nan,nan,nan,nan,nan,nan,nan
ordered_feedback_current,libero_10,4,LIVING_ROOM_SCENE5_put_the_white_mug_on_the_left_plate_and_put_the_yellow_and_white_mug_on_the_right_plate,340,340,1,0,234,12,12,18.75,"{""5"": 1, ""15"": 5, ""20"": 1, ""25"": 5}",1459.5935624092817,1459.5935624092817,12265.316725242883,1310.7725325971842,1437.8447318449616,75.2140493132174,nan,nan,nan,nan,nan,nan,nan,nan,nan
ordered_feedback_current,libero_10,4,LIVING_ROOM_SCENE5_put_the_white_mug_on_the_left_plate_and_put_the_yellow_and_white_mug_on_the_right_plate,341,341,1,0,234,12,12,19.166666666666668,"{""15"": 5, ""20"": 4, ""25"": 3}",1462.406714912504,1462.406714912504,12028.125973884016,1312.8425781615078,1439.810457173735,76.16958487778902,nan,nan,nan,nan,nan,nan,nan,nan,nan
ordered_transformer,libero_10,4,LIVING_ROOM_SCENE5_put_the_white_mug_on_the_left_plate_and_put_the_yellow_and_white_mug_on_the_right_plate,341,341,1,0,232,12,12,20.0,"{""15"": 5, ""20"": 2, ""25"": 5}",1450.4993851296604,1450.4993851296604,12236.108236014843,1303.3311273902655,1427.3114763200283,74.05565772205591,nan,nan,nan,nan,nan,nan,nan,nan,nan
ordered_transformer,libero_10,4,LIVING_ROOM_SCENE5_put_the_white_mug_on_the_left_plate_and_put_the_yellow_and_white_mug_on_the_right_plate,342,342,1,0,246,12,12,20.0,"{""15"": 5, ""20"": 2, ""25"": 5}",1340.329302009195,1340.329302009195,12313.056401908398,1217.9532898589969,1319.6382257156074,66.93381862714887,nan,nan,nan,nan,nan,nan,nan,nan,nan
ordered_feedback_current,libero_10,4,LIVING_ROOM_SCENE5_put_the_white_mug_on_the_left_plate_and_put_the_yellow_and_white_mug_on_the_right_plate,342,342,1,0,248,12,12,20.0,"{""5"": 1, ""15"": 3, ""20"": 2, ""25"": 6}",1459.1282862238586,1459.1282862238586,12760.67005097866,1309.2685439623892,1437.0094588957727,73.21109203621745,nan,nan,nan,nan,nan,nan,nan,nan,nan
ordered_feedback_current,libero_10,4,LIVING_ROOM_SCENE5_put_the_white_mug_on_the_left_plate_and_put_the_yellow_and_white_mug_on_the_right_plate,343,343,1,0,323,16,16,20.0,"{""5"": 1, ""15"": 3, ""20"": 6, ""25"": 6}",1919.023117981851,1919.023117981851,13834.381088148803,1723.1212598271668,1890.2420070953667,98.52090431377292,nan,nan,nan,nan,nan,nan,nan,nan,nan
ordered_transformer,libero_10,4,LIVING_ROOM_SCENE5_put_the_white_mug_on_the_left_plate_and_put_the_yellow_and_white_mug_on_the_right_plate,343,343,1,0,287,14,14,20.0,"{""15"": 4, ""20"": 6, ""25"": 4}",1699.6007026173174,1699.6007026173174,13098.420010879636,1527.0176571793854,1674.1297519765794,87.59720856323838,nan,nan,nan,nan,nan,nan,nan,nan,nan
ordered_transformer,libero_10,4,LIVING_ROOM_SCENE5_put_the_white_mug_on_the_left_plate_and_put_the_yellow_and_white_mug_on_the_right_plate,344,344,1,0,234,12,12,19.583333333333332,"{""5"": 1, ""15"": 3, ""20"": 3, ""25"": 5}",1431.4547404646873,1431.4547404646873,12150.894017890096,1286.7997931316495,1409.7234029322863,72.71092152222991,nan,nan,nan,nan,nan,nan,nan,nan,nan
ordered_feedback_current,libero_10,4,LIVING_ROOM_SCENE5_put_the_white_mug_on_the_left_plate_and_put_the_yellow_and_white_mug_on_the_right_plate,344,344,1,0,234,12,12,19.583333333333332,"{""5"": 1, ""15"": 3, ""20"": 3, ""25"": 5}",1458.867991808802,1458.867991808802,12121.704486198723,1304.7200189903378,1436.6456111893058,74.44961369037628,nan,nan,nan,nan,nan,nan,nan,nan,nan
ordered_feedback_current,libero_10,4,LIVING_ROOM_SCENE5_put_the_white_mug_on_the_left_plate_and_put_the_yellow_and_white_mug_on_the_right_plate,345,345,1,0,243,12,12,20.0,"{""15"": 4, ""20"": 4, ""25"": 4}",1459.6538473851979,1459.6538473851979,12649.958637077361,1309.5981199294329,1437.928511761129,74.22917243093252,nan,nan,nan,nan,nan,nan,nan,nan,nan
ordered_transformer,libero_10,4,LIVING_ROOM_SCENE5_put_the_white_mug_on_the_left_plate_and_put_the_yellow_and_white_mug_on_the_right_plate,345,345,1,0,248,12,12,20.416666666666668,"{""15"": 4, ""20"": 3, ""25"": 5}",1442.972779739648,1442.972779739648,12729.601592756808,1295.3375880606472,1420.7492689602077,74.32485371828079,nan,nan,nan,nan,nan,nan,nan,nan,nan
ordered_transformer,libero_10,5,STUDY_SCENE1_pick_up_the_book_and_place_it_in_the_back_compartment_of_the_caddy,336,336,1,0,177,7,7,24.285714285714285,"{""20"": 1, ""25"": 6}",858.0751223489642,858.0751223489642,6704.471583943814,770.0247233733535,845.2564366161823,43.700492940843105,nan,nan,nan,nan,nan,nan,nan,nan,nan
ordered_feedback_current,libero_10,5,STUDY_SCENE1_pick_up_the_book_and_place_it_in_the_back_compartment_of_the_caddy,336,336,1,0,177,7,7,24.285714285714285,"{""20"": 1, ""25"": 6}",851.8223017454147,851.8223017454147,6702.112123370171,766.0612361505628,839.2759319394827,41.53635120019317,nan,nan,nan,nan,nan,nan,nan,nan,nan
ordered_feedback_current,libero_10,5,STUDY_SCENE1_pick_up_the_book_and_place_it_in_the_back_compartment_of_the_caddy,337,337,1,0,176,8,8,23.75,"{""20"": 2, ""25"": 6}",965.3993532992899,965.3993532992899,6751.415146049112,866.7087140493095,951.1930043809116,49.26835186779499,nan,nan,nan,nan,nan,nan,nan,nan,nan
ordered_transformer,libero_10,5,STUDY_SCENE1_pick_up_the_book_and_place_it_in_the_back_compartment_of_the_caddy,337,337,1,0,176,8,8,23.75,"{""20"": 2, ""25"": 6}",970.1553573831916,970.1553573831916,6783.274959772825,872.3104195669293,955.8062618598342,49.93383539840579,nan,nan,nan,nan,nan,nan,nan,nan,nan
ordered_transformer,libero_10,5,STUDY_SCENE1_pick_up_the_book_and_place_it_in_the_back_compartment_of_the_caddy,338,338,0,1,1000,40,40,24.75,"{""20"": 2, ""25"": 38}",4842.62863593176,4842.62863593176,18693.888077978045,4356.727824080735,4772.547018714249,247.4967041052878,nan,nan,nan,nan,nan,nan,nan,nan,nan
ordered_feedback_current,libero_10,5,STUDY_SCENE1_pick_up_the_book_and_place_it_in_the_back_compartment_of_the_caddy,338,338,0,1,1000,44,44,22.5,"{""5"": 5, ""20"": 2, ""25"": 37}",5294.9309018440545,5294.9309018440545,19243.654247839004,4757.167557720095,5215.176926460117,269.9232641607523,nan,nan,nan,nan,nan,nan,nan,nan,nan
ordered_feedback_current,libero_10,5,STUDY_SCENE1_pick_up_the_book_and_place_it_in_the_back_compartment_of_the_caddy,339,339,1,0,175,7,7,23.571428571428573,"{""20"": 2, ""25"": 5}",859.9699665792286,859.9699665792286,6708.595823962241,774.5761978439987,847.0626003108919,43.61145617440343,nan,nan,nan,nan,nan,nan,nan,nan,nan
ordered_transformer,libero_10,5,STUDY_SCENE1_pick_up_the_book_and_place_it_in_the_back_compartment_of_the_caddy,339,339,1,0,175,7,7,23.571428571428573,"{""20"": 2, ""25"": 5}",850.7269858382642,850.7269858382642,6694.237334188074,763.567769434303,837.7707749605179,43.44459995627403,nan,nan,nan,nan,nan,nan,nan,nan,nan
ordered_transformer,libero_10,5,STUDY_SCENE1_pick_up_the_book_and_place_it_in_the_back_compartment_of_the_caddy,340,340,0,1,1000,41,41,24.146341463414632,"{""5"": 1, ""20"": 3, ""25"": 37}",4969.951741863042,4969.951741863042,19286.749097984284,4462.2350805439055,4896.064676344395,257.22171645611525,nan,nan,nan,nan,nan,nan,nan,nan,nan
ordered_feedback_current,libero_10,5,STUDY_SCENE1_pick_up_the_book_and_place_it_in_the_back_compartment_of_the_caddy,340,340,0,1,1000,40,40,24.75,"{""20"": 2, ""25"": 38}",4794.9199276044965,4794.9199276044965,18425.151608884335,4316.434436943382,4725.343028083444,246.9636658206582,nan,nan,nan,nan,nan,nan,nan,nan,nan
ordered_feedback_current,libero_10,5,STUDY_SCENE1_pick_up_the_book_and_place_it_in_the_back_compartment_of_the_caddy,341,341,1,0,170,7,7,23.571428571428573,"{""20"": 2, ""25"": 5}",851.3386729173362,851.3386729173362,6629.7815619036555,764.4445127807558,838.7574241496623,44.84371794387698,nan,nan,nan,nan,nan,nan,nan,nan,nan
ordered_transformer,libero_10,5,STUDY_SCENE1_pick_up_the_book_and_place_it_in_the_back_compartment_of_the_caddy,341,341,1,0,170,7,7,23.571428571428573,"{""20"": 2, ""25"": 5}",864.8373032920063,864.8373032920063,6682.320933789015,779.2706941254437,851.5550764277577,43.94511040300131,nan,nan,nan,nan,nan,nan,nan,nan,nan
ordered_transformer,libero_10,5,STUDY_SCENE1_pick_up_the_book_and_place_it_in_the_back_compartment_of_the_caddy,342,342,0,1,1000,47,47,21.06382978723404,"{""15"": 1, ""20"": 35, ""25"": 11}",5695.111697074026,5695.111697074026,20701.860401779413,5117.693228647113,5608.737911563367,284.73679861053824,nan,nan,nan,nan,nan,nan,nan,nan,nan
ordered_feedback_current,libero_10,5,STUDY_SCENE1_pick_up_the_book_and_place_it_in_the_back_compartment_of_the_caddy,342,342,0,1,1000,47,47,21.06382978723404,"{""20"": 37, ""25"": 10}",5646.269220858812,5646.269220858812,20295.868383720517,5070.51341002807,5563.490184955299,288.62108988687396,nan,nan,nan,nan,nan,nan,nan,nan,nan
ordered_feedback_current,libero_10,5,STUDY_SCENE1_pick_up_the_book_and_place_it_in_the_back_compartment_of_the_caddy,343,343,1,0,182,8,8,23.75,"{""20"": 2, ""25"": 6}",973.4159270301461,973.4159270301461,6912.683461792767,877.1351035684347,958.6767260916531,49.46564231067896,nan,nan,nan,nan,nan,nan,nan,nan,nan
ordered_transformer,libero_10,5,STUDY_SCENE1_pick_up_the_book_and_place_it_in_the_back_compartment_of_the_caddy,343,343,1,0,182,8,8,23.75,"{""20"": 2, ""25"": 6}",970.5172604881227,970.5172604881227,6900.7048341445625,873.3256263658404,956.1064196750522,51.699792966246605,nan,nan,nan,nan,nan,nan,nan,nan,nan
ordered_transformer,libero_10,5,STUDY_SCENE1_pick_up_the_book_and_place_it_in_the_back_compartment_of_the_caddy,344,344,1,0,189,8,8,23.75,"{""20"": 2, ""25"": 6}",965.7316571101546,965.7316571101546,6896.562580950558,868.3701986446977,951.2167768552899,50.132451578974724,nan,nan,nan,nan,nan,nan,nan,nan,nan
ordered_feedback_current,libero_10,5,STUDY_SCENE1_pick_up_the_book_and_place_it_in_the_back_compartment_of_the_caddy,344,344,1,0,189,8,8,23.75,"{""20"": 2, ""25"": 6}",978.4150859341025,978.4150859341025,6979.224666021764,878.1228130683303,963.6479993350804,50.82313157618046,nan,nan,nan,nan,nan,nan,nan,nan,nan
ordered_feedback_current,libero_10,5,STUDY_SCENE1_pick_up_the_book_and_place_it_in_the_back_compartment_of_the_caddy,345,345,1,0,183,8,8,24.375,"{""20"": 1, ""25"": 7}",970.4117639921606,970.4117639921606,6946.715669706464,870.5606856383383,955.320842564106,49.90082746371627,nan,nan,nan,nan,nan,nan,nan,nan,nan
ordered_transformer,libero_10,5,STUDY_SCENE1_pick_up_the_book_and_place_it_in_the_back_compartment_of_the_caddy,345,345,1,0,183,8,8,24.375,"{""20"": 1, ""25"": 7}",973.3471069484949,973.3471069484949,6940.949009265751,876.5949648804963,959.1703731566668,49.661208875477314,nan,nan,nan,nan,nan,nan,nan,nan,nan
ordered_transformer,libero_10,6,LIVING_ROOM_SCENE6_put_the_white_mug_on_the_plate_and_put_the_chocolate_pudding_to_the_right_of_the_plate,336,336,1,0,219,11,11,20.454545454545453,"{""15"": 2, ""20"": 6, ""25"": 3}",1309.9178387783468,1309.9178387783468,9645.51631687209,1181.9471959024668,1291.0242462530732,67.14465795084834,nan,nan,nan,nan,nan,nan,nan,nan,nan
ordered_feedback_current,libero_10,6,LIVING_ROOM_SCENE6_put_the_white_mug_on_the_plate_and_put_the_chocolate_pudding_to_the_right_of_the_plate,336,336,1,0,222,11,11,19.545454545454547,"{""5"": 1, ""15"": 2, ""20"": 4, ""25"": 4}",1343.3793797157705,1343.3793797157705,9852.789429016411,1205.2111676894128,1323.5583337955177,68.03376832976937,nan,nan,nan,nan,nan,nan,nan,nan,nan
ordered_feedback_current,libero_10,6,LIVING_ROOM_SCENE6_put_the_white_mug_on_the_plate_and_put_the_chocolate_pudding_to_the_right_of_the_plate,337,337,1,0,251,12,12,20.833333333333332,"{""15"": 2, ""20"": 6, ""25"": 4}",1469.5139159448445,1469.5139159448445,10124.868986196816,1317.9399063810706,1446.4440699666739,75.01614652574062,nan,nan,nan,nan,nan,nan,nan,nan,nan
ordered_transformer,libero_10,6,LIVING_ROOM_SCENE6_put_the_white_mug_on_the_plate_and_put_the_chocolate_pudding_to_the_right_of_the_plate,337,337,1,0,251,12,12,20.833333333333332,"{""15"": 2, ""20"": 6, ""25"": 4}",1456.2293621711433,1456.2293621711433,10152.941161766648,1310.4887334629893,1434.834192506969,73.91673373058438,nan,nan,nan,nan,nan,nan,nan,nan,nan
ordered_transformer,libero_10,6,LIVING_ROOM_SCENE6_put_the_white_mug_on_the_plate_and_put_the_chocolate_pudding_to_the_right_of_the_plate,338,338,1,0,214,11,11,20.0,"{""15"": 2, ""20"": 7, ""25"": 2}",1346.6951977461576,1346.6951977461576,9554.008559323847,1209.6171714365482,1326.409112662077,68.05039336904883,nan,nan,nan,nan,nan,nan,nan,nan,nan
ordered_feedback_current,libero_10,6,LIVING_ROOM_SCENE6_put_the_white_mug_on_the_plate_and_put_the_chocolate_pudding_to_the_right_of_the_plate,338,338,1,0,214,11,11,20.0,"{""15"": 2, ""20"": 7, ""25"": 2}",1330.167138017714,1330.167138017714,9626.981728710234,1193.8495091162622,1311.192570719868,68.33011703565717,nan,nan,nan,nan,nan,nan,nan,nan,nan
ordered_feedback_current,libero_10,6,LIVING_ROOM_SCENE6_put_the_white_mug_on_the_plate_and_put_the_chocolate_pudding_to_the_right_of_the_plate,339,339,1,0,231,12,12,20.0,"{""5"": 1, ""15"": 2, ""20"": 4, ""25"": 5}",1459.0131482109427,1459.0131482109427,9812.964127399027,1311.3961718045175,1437.9079174250364,77.34547788277268,nan,nan,nan,nan,nan,nan,nan,nan,nan
ordered_transformer,libero_10,6,LIVING_ROOM_SCENE6_put_the_white_mug_on_the_plate_and_put_the_chocolate_pudding_to_the_right_of_the_plate,339,339,1,0,232,11,11,20.90909090909091,"{""15"": 2, ""20"": 5, ""25"": 4}",1331.5365673042834,1331.5365673042834,9666.029097046703,1195.387838408351,1312.0406861416996,68.70084954425693,nan,nan,nan,nan,nan,nan,nan,nan,nan
ordered_transformer,libero_10,6,LIVING_ROOM_SCENE6_put_the_white_mug_on_the_plate_and_put_the_chocolate_pudding_to_the_right_of_the_plate,340,340,1,0,311,16,16,20.0,"{""15"": 3, ""20"": 10, ""25"": 3}",1938.1915600970387,1938.1915600970387,11711.946023162454,1743.5713773593307,1909.5017951913178,100.27640638872981,nan,nan,nan,nan,nan,nan,nan,nan,nan
ordered_feedback_current,libero_10,6,LIVING_ROOM_SCENE6_put_the_white_mug_on_the_plate_and_put_the_chocolate_pudding_to_the_right_of_the_plate,340,340,1,0,318,16,16,20.3125,"{""15"": 2, ""20"": 11, ""25"": 3}",1944.4864373654127,1944.4864373654127,11663.928472436965,1748.5514963045716,1915.7981602475047,99.06205534934998,nan,nan,nan,nan,nan,nan,nan,nan,nan
ordered_feedback_current,libero_10,6,LIVING_ROOM_SCENE6_put_the_white_mug_on_the_plate_and_put_the_chocolate_pudding_to_the_right_of_the_plate,341,341,1,0,347,17,17,20.0,"{""15"": 4, ""20"": 9, ""25"": 4}",2053.229405079037,2053.229405079037,11923.348227981478,1844.6923717856407,2023.4329821541905,104.98786391690373,nan,nan,nan,nan,nan,nan,nan,nan,nan
ordered_transformer,libero_10,6,LIVING_ROOM_SCENE6_put_the_white_mug_on_the_plate_and_put_the_chocolate_pudding_to_the_right_of_the_plate,341,341,1,0,347,17,17,20.0,"{""15"": 4, ""20"": 9, ""25"": 4}",2053.3544193021953,2053.3544193021953,11928.981489967555,1845.7656921818852,2023.3796192333102,104.725306853652,nan,nan,nan,nan,nan,nan,nan,nan,nan
ordered_transformer,libero_10,6,LIVING_ROOM_SCENE6_put_the_white_mug_on_the_plate_and_put_the_chocolate_pudding_to_the_right_of_the_plate,342,342,1,0,248,12,12,20.833333333333332,"{""15"": 2, ""20"": 6, ""25"": 4}",1464.7265528328717,1464.7265528328717,9964.704818092287,1316.8931282125413,1442.9811662994325,74.63822606950998,nan,nan,nan,nan,nan,nan,nan,nan,nan
ordered_feedback_current,libero_10,6,LIVING_ROOM_SCENE6_put_the_white_mug_on_the_plate_and_put_the_chocolate_pudding_to_the_right_of_the_plate,342,342,1,0,248,12,12,20.833333333333332,"{""15"": 2, ""20"": 6, ""25"": 4}",1464.6051130257547,1464.6051130257547,9995.248212013394,1312.633756082505,1440.9243213012815,75.91913407668471,nan,nan,nan,nan,nan,nan,nan,nan,nan
ordered_feedback_current,libero_10,6,LIVING_ROOM_SCENE6_put_the_white_mug_on_the_plate_and_put_the_chocolate_pudding_to_the_right_of_the_plate,343,343,1,0,253,15,15,16.666666666666668,"{""5"": 3, ""10"": 2, ""15"": 1, ""20"": 5, ""25"": 4}",1593.9693464897573,1593.9693464897573,10426.739891059697,1465.2937189675868,1570.1613435521722,68.22300562635064,nan,nan,nan,nan,nan,nan,nan,nan,nan
ordered_transformer,libero_10,6,LIVING_ROOM_SCENE6_put_the_white_mug_on_the_plate_and_put_the_chocolate_pudding_to_the_right_of_the_plate,343,343,1,0,232,13,13,18.46153846153846,"{""5"": 1, ""10"": 2, ""15"": 1, ""20"": 5, ""25"": 4}",1575.6531520746648,1575.6531520746648,10137.96672411263,1417.9720529355109,1552.0096528343856,80.13872290030122,nan,nan,nan,nan,nan,nan,nan,nan,nan
ordered_transformer,libero_10,6,LIVING_ROOM_SCENE6_put_the_white_mug_on_the_plate_and_put_the_chocolate_pudding_to_the_right_of_the_plate,344,344,1,0,221,11,11,20.90909090909091,"{""15"": 2, ""20"": 5, ""25"": 4}",1319.7212647646666,1319.7212647646666,9706.354506779462,1186.9120900519192,1300.4497587680817,69.94141871109605,nan,nan,nan,nan,nan,nan,nan,nan,nan
ordered_feedback_current,libero_10,6,LIVING_ROOM_SCENE6_put_the_white_mug_on_the_plate_and_put_the_chocolate_pudding_to_the_right_of_the_plate,344,344,1,0,221,11,11,20.90909090909091,"{""15"": 2, ""20"": 5, ""25"": 4}",1331.4080205745995,1331.4080205745995,9761.722759809345,1195.6389206461608,1312.163598369807,68.0295005440712,nan,nan,nan,nan,nan,nan,nan,nan,nan
ordered_feedback_current,libero_10,6,LIVING_ROOM_SCENE6_put_the_white_mug_on_the_plate_and_put_the_chocolate_pudding_to_the_right_of_the_plate,345,345,1,0,222,11,11,20.90909090909091,"{""15"": 1, ""20"": 7, ""25"": 3}",1333.289130590856,1333.289130590856,9734.418182168156,1197.2837522625923,1313.3870288729668,70.10575477033854,nan,nan,nan,nan,nan,nan,nan,nan,nan
ordered_transformer,libero_10,6,LIVING_ROOM_SCENE6_put_the_white_mug_on_the_plate_and_put_the_chocolate_pudding_to_the_right_of_the_plate,345,345,1,0,227,11,11,20.90909090909091,"{""15"": 2, ""20"": 5, ""25"": 4}",1325.62494603917,1325.62494603917,9667.281209025532,1192.8878026083112,1306.686076335609,68.15174501389265,nan,nan,nan,nan,nan,nan,nan,nan,nan
ordered_transformer,libero_10,7,LIVING_ROOM_SCENE1_put_both_the_alphabet_soup_and_the_cream_cheese_box_in_the_basket,336,336,1,0,262,14,14,18.571428571428573,"{""10"": 1, ""15"": 5, ""20"": 5, ""25"": 3}",1713.8914805836976,1713.8914805836976,9644.078937824816,1540.986843407154,1687.8778361715376,88.34136230871081,nan,nan,nan,nan,nan,nan,nan,nan,nan
ordered_feedback_current,libero_10,7,LIVING_ROOM_SCENE1_put_both_the_alphabet_soup_and_the_cream_cheese_box_in_the_basket,336,336,1,0,265,15,15,17.0,"{""5"": 3, ""15"": 3, ""20"": 6, ""25"": 3}",1805.431058164686,1805.431058164686,9801.266545895487,1625.5808658897877,1778.5044922493398,92.15815924108028,nan,nan,nan,nan,nan,nan,nan,nan,nan
ordered_feedback_current,libero_10,7,LIVING_ROOM_SCENE1_put_both_the_alphabet_soup_and_the_cream_cheese_box_in_the_basket,337,337,1,0,248,14,14,17.857142857142858,"{""5"": 3, ""15"": 2, ""20"": 4, ""25"": 5}",1690.1254132390022,1690.1254132390022,9477.52739302814,1520.6621824763715,1665.0753584690392,85.73646657168865,nan,nan,nan,nan,nan,nan,nan,nan,nan
ordered_transformer,libero_10,7,LIVING_ROOM_SCENE1_put_both_the_alphabet_soup_and_the_cream_cheese_box_in_the_basket,337,337,1,0,276,17,17,16.470588235294116,"{""5"": 3, ""10"": 1, ""15"": 4, ""20"": 6, ""25"": 3}",2037.7664919942617,2037.7664919942617,10127.672802191228,1833.5394100286067,2008.382337167859,102.78972936794162,nan,nan,nan,nan,nan,nan,nan,nan,nan
ordered_transformer,libero_10,7,LIVING_ROOM_SCENE1_put_both_the_alphabet_soup_and_the_cream_cheese_box_in_the_basket,338,338,1,0,330,17,17,19.41176470588235,"{""5"": 1, ""15"": 3, ""20"": 9, ""25"": 4}",2060.196332167834,2060.196332167834,11070.159269031137,1856.7316844128072,2028.9710443466902,103.24847232550383,nan,nan,nan,nan,nan,nan,nan,nan,nan
ordered_feedback_current,libero_10,7,LIVING_ROOM_SCENE1_put_both_the_alphabet_soup_and_the_cream_cheese_box_in_the_basket,338,338,1,0,330,20,20,16.75,"{""5"": 4, ""10"": 1, ""15"": 3, ""20"": 8, ""25"": 4}",2427.037264686078,2427.037264686078,11281.635742168874,2182.6533917337656,2391.5343047119677,125.93032885342836,nan,nan,nan,nan,nan,nan,nan,nan,nan
ordered_feedback_current,libero_10,7,LIVING_ROOM_SCENE1_put_both_the_alphabet_soup_and_the_cream_cheese_box_in_the_basket,339,339,1,0,307,20,20,15.25,"{""5"": 6, ""10"": 2, ""15"": 2, ""20"": 5, ""25"": 5}",2427.42578452453,2427.42578452453,10973.116423934698,2188.4725191630423,2390.5022544786334,124.81727544218302,nan,nan,nan,nan,nan,nan,nan,nan,nan
ordered_transformer,libero_10,7,LIVING_ROOM_SCENE1_put_both_the_alphabet_soup_and_the_cream_cheese_box_in_the_basket,339,339,0,1,1000,53,53,18.67924528301887,"{""5"": 3, ""15"": 13, ""20"": 29, ""25"": 8}",6405.703159514815,6405.703159514815,24172.33829572797,5757.544674444944,6310.585541650653,330.0933656282723,nan,nan,nan,nan,nan,nan,nan,nan,nan
ordered_transformer,libero_10,7,LIVING_ROOM_SCENE1_put_both_the_alphabet_soup_and_the_cream_cheese_box_in_the_basket,340,340,1,0,249,13,13,19.23076923076923,"{""5"": 1, ""15"": 2, ""20"": 7, ""25"": 3}",1589.99231364578,1589.99231364578,9647.35070290044,1428.8641954772174,1565.8181859180331,80.54818492382765,nan,nan,nan,nan,nan,nan,nan,nan,nan
ordered_feedback_current,libero_10,7,LIVING_ROOM_SCENE1_put_both_the_alphabet_soup_and_the_cream_cheese_box_in_the_basket,340,340,1,0,280,18,18,15.555555555555555,"{""5"": 3, ""10"": 2, ""15"": 5, ""20"": 6, ""25"": 2}",2157.983652316034,2157.983652316034,10603.927173186094,1941.4428411982954,2126.7502256669104,110.7243113219738,nan,nan,nan,nan,nan,nan,nan,nan,nan
ordered_feedback_current,libero_10,7,LIVING_ROOM_SCENE1_put_both_the_alphabet_soup_and_the_cream_cheese_box_in_the_basket,341,341,1,0,257,15,15,17.0,"{""5"": 3, ""15"": 3, ""20"": 6, ""25"": 3}",1799.763743299991,1799.763743299991,9659.045992884785,1619.9831585399806,1773.5670660622418,92.6119415089488,nan,nan,nan,nan,nan,nan,nan,nan,nan
ordered_transformer,libero_10,7,LIVING_ROOM_SCENE1_put_both_the_alphabet_soup_and_the_cream_cheese_box_in_the_basket,341,341,1,0,259,13,13,20.0,"{""15"": 3, ""20"": 7, ""25"": 3}",1588.160660583526,1588.160660583526,9430.246043018997,1427.5558008812368,1564.0142406336963,81.88551804050803,nan,nan,nan,nan,nan,nan,nan,nan,nan
ordered_transformer,libero_10,7,LIVING_ROOM_SCENE1_put_both_the_alphabet_soup_and_the_cream_cheese_box_in_the_basket,342,342,1,0,277,16,16,17.1875,"{""5"": 3, ""15"": 3, ""20"": 7, ""25"": 3}",1910.0414868444204,1910.0414868444204,10013.062570709735,1718.1362584233284,1882.5624659657478,97.36910881474614,nan,nan,nan,nan,nan,nan,nan,nan,nan
ordered_feedback_current,libero_10,7,LIVING_ROOM_SCENE1_put_both_the_alphabet_soup_and_the_cream_cheese_box_in_the_basket,342,342,1,0,396,24,24,16.458333333333332,"{""5"": 7, ""15"": 3, ""20"": 7, ""25"": 7}",2913.315395824611,2913.315395824611,12611.845526378602,2610.4146037250757,2868.572518695146,146.71224495396018,nan,nan,nan,nan,nan,nan,nan,nan,nan
ordered_feedback_current,libero_10,7,LIVING_ROOM_SCENE1_put_both_the_alphabet_soup_and_the_cream_cheese_box_in_the_basket,343,343,1,0,258,15,15,16.666666666666668,"{""5"": 3, ""15"": 4, ""20"": 5, ""25"": 3}",1810.2943804115057,1810.2943804115057,9853.61227625981,1620.3699596226215,1780.916074756533,91.25441266223788,nan,nan,nan,nan,nan,nan,nan,nan,nan
ordered_transformer,libero_10,7,LIVING_ROOM_SCENE1_put_both_the_alphabet_soup_and_the_cream_cheese_box_in_the_basket,343,343,1,0,258,15,15,16.666666666666668,"{""5"": 3, ""15"": 4, ""20"": 5, ""25"": 3}",1820.435461588204,1820.435461588204,9864.864392671734,1631.5033691935241,1793.1534359231591,91.60783747211099,nan,nan,nan,nan,nan,nan,nan,nan,nan
ordered_transformer,libero_10,7,LIVING_ROOM_SCENE1_put_both_the_alphabet_soup_and_the_cream_cheese_box_in_the_basket,344,344,1,0,244,15,15,15.666666666666666,"{""5"": 3, ""10"": 2, ""15"": 2, ""20"": 6, ""25"": 2}",1798.895944841206,1798.895944841206,9765.027381945401,1614.7253382951021,1771.7761802487075,90.8200847916305,nan,nan,nan,nan,nan,nan,nan,nan,nan
ordered_feedback_current,libero_10,7,LIVING_ROOM_SCENE1_put_both_the_alphabet_soup_and_the_cream_cheese_box_in_the_basket,344,344,1,0,242,14,14,16.785714285714285,"{""5"": 3, ""10"": 1, ""15"": 1, ""20"": 6, ""25"": 3}",1685.9500836580992,1685.9500836580992,9570.362132973969,1516.1288073286414,1661.0148278996348,86.05644619092345,nan,nan,nan,nan,nan,nan,nan,nan,nan
ordered_feedback_current,libero_10,7,LIVING_ROOM_SCENE1_put_both_the_alphabet_soup_and_the_cream_cheese_box_in_the_basket,345,345,1,0,249,15,15,16.666666666666668,"{""5"": 3, ""15"": 4, ""20"": 5, ""25"": 3}",1798.6613917164505,1798.6613917164505,9742.740117944777,1616.250210441649,1771.7709392309189,91.8101305142045,nan,nan,nan,nan,nan,nan,nan,nan,nan
ordered_transformer,libero_10,7,LIVING_ROOM_SCENE1_put_both_the_alphabet_soup_and_the_cream_cheese_box_in_the_basket,345,345,1,0,249,15,15,16.666666666666668,"{""5"": 3, ""15"": 4, ""20"": 5, ""25"": 3}",1804.178730584681,1804.178730584681,9827.972552273422,1624.3363413959742,1778.0299303121865,90.50374710932374,nan,nan,nan,nan,nan,nan,nan,nan,nan
ordered_transformer,libero_10,8,KITCHEN_SCENE8_put_both_moka_pots_on_the_stove,336,336,1,0,389,16,16,24.0625,"{""15"": 1, ""20"": 1, ""25"": 14}",1950.8458743803203,1950.8458743803203,9508.870628662407,1757.951888255775,1922.1636182628572,100.04441207274795,nan,nan,nan,nan,nan,nan,nan,nan,nan
ordered_feedback_current,libero_10,8,KITCHEN_SCENE8_put_both_moka_pots_on_the_stove,336,336,1,0,370,15,15,24.333333333333332,"{""15"": 1, ""25"": 14}",1817.1929032541811,1817.1929032541811,9224.00337131694,1627.5440137833357,1789.175623562187,91.67335974052548,nan,nan,nan,nan,nan,nan,nan,nan,nan
ordered_feedback_current,libero_10,8,KITCHEN_SCENE8_put_both_moka_pots_on_the_stove,337,337,1,0,374,15,15,24.333333333333332,"{""20"": 2, ""25"": 13}",1819.6214279159904,1819.6214279159904,9189.01280593127,1631.5682581625879,1791.7793048545718,95.65054485574365,nan,nan,nan,nan,nan,nan,nan,nan,nan
ordered_transformer,libero_10,8,KITCHEN_SCENE8_put_both_moka_pots_on_the_stove,337,337,1,0,380,16,16,24.0625,"{""20"": 3, ""25"": 13}",1947.9398345574737,1947.9398345574737,9391.997548285872,1749.3085637688637,1918.6675469391048,101.09875164926052,nan,nan,nan,nan,nan,nan,nan,nan,nan
ordered_transformer,libero_10,8,KITCHEN_SCENE8_put_both_moka_pots_on_the_stove,338,338,1,0,388,16,16,24.375,"{""20"": 2, ""25"": 14}",1945.365700405091,1945.365700405091,9506.547183264047,1747.8404152207077,1914.9753605015576,100.85718845948577,nan,nan,nan,nan,nan,nan,nan,nan,nan
ordered_feedback_current,libero_10,8,KITCHEN_SCENE8_put_both_moka_pots_on_the_stove,338,338,1,0,388,16,16,24.0625,"{""10"": 1, ""25"": 15}",1968.4812636114657,1968.4812636114657,9557.80858406797,1764.6427084691823,1936.2617605365813,103.26932184398174,nan,nan,nan,nan,nan,nan,nan,nan,nan
ordered_feedback_current,libero_10,8,KITCHEN_SCENE8_put_both_moka_pots_on_the_stove,339,339,1,0,381,16,16,23.4375,"{""10"": 1, ""15"": 1, ""25"": 14}",1957.8655436635017,1957.8655436635017,9475.233661010861,1757.0794075727463,1927.601482719183,99.9570949934423,nan,nan,nan,nan,nan,nan,nan,nan,nan
ordered_transformer,libero_10,8,KITCHEN_SCENE8_put_both_moka_pots_on_the_stove,339,339,1,0,390,16,16,24.6875,"{""20"": 1, ""25"": 15}",1943.0756089277565,1943.0756089277565,9558.934065047652,1746.6558055020869,1913.9143317006528,99.37194362282753,nan,nan,nan,nan,nan,nan,nan,nan,nan
ordered_transformer,libero_10,8,KITCHEN_SCENE8_put_both_moka_pots_on_the_stove,340,340,1,0,380,16,16,24.0625,"{""15"": 1, ""20"": 1, ""25"": 14}",1944.952052552253,1944.952052552253,9367.985745891929,1747.0692689530551,1916.0111383534968,99.70296313986182,nan,nan,nan,nan,nan,nan,nan,nan,nan
ordered_feedback_current,libero_10,8,KITCHEN_SCENE8_put_both_moka_pots_on_the_stove,340,340,1,0,384,16,16,24.375,"{""15"": 1, ""25"": 15}",1945.3928731381893,1945.3928731381893,9468.022481072694,1747.0621773973107,1916.4757523685694,102.51897340640426,nan,nan,nan,nan,nan,nan,nan,nan,nan
ordered_feedback_current,libero_10,8,KITCHEN_SCENE8_put_both_moka_pots_on_the_stove,341,341,1,0,383,16,16,23.75,"{""10"": 1, ""20"": 1, ""25"": 14}",1954.7914224676788,1954.7914224676788,9401.020204182714,1759.0217520482838,1925.155001692474,99.89386890083551,nan,nan,nan,nan,nan,nan,nan,nan,nan
ordered_transformer,libero_10,8,KITCHEN_SCENE8_put_both_moka_pots_on_the_stove,341,341,1,0,362,15,15,23.666666666666668,"{""15"": 1, ""20"": 2, ""25"": 12}",1834.606688003987,1834.606688003987,9032.948642037809,1646.4207316748798,1806.4629402942955,95.35907208919525,nan,nan,nan,nan,nan,nan,nan,nan,nan
ordered_transformer,libero_10,8,KITCHEN_SCENE8_put_both_moka_pots_on_the_stove,342,342,1,0,398,18,18,22.77777777777778,"{""15"": 1, ""20"": 6, ""25"": 11}",2190.752495545894,2190.752495545894,9922.234568279237,1970.2983642928302,2157.5184115208685,112.63308255001903,nan,nan,nan,nan,nan,nan,nan,nan,nan
ordered_feedback_current,libero_10,8,KITCHEN_SCENE8_put_both_moka_pots_on_the_stove,342,342,1,0,478,20,20,24.0,"{""20"": 4, ""25"": 16}",2426.909436006099,2426.909436006099,11137.046315707266,2179.207462351769,2389.403073117137,124.20139135792851,nan,nan,nan,nan,nan,nan,nan,nan,nan
ordered_feedback_current,libero_10,8,KITCHEN_SCENE8_put_both_moka_pots_on_the_stove,343,343,1,0,548,24,24,23.125,"{""10"": 2, ""15"": 1, ""20"": 1, ""25"": 20}",2937.1973504312336,2937.1973504312336,12473.225556779653,2642.0858805067837,2894.353802781552,150.55874595418572,nan,nan,nan,nan,nan,nan,nan,nan,nan
ordered_transformer,libero_10,8,KITCHEN_SCENE8_put_both_moka_pots_on_the_stove,343,343,1,0,546,24,24,22.916666666666668,"{""10"": 2, ""15"": 1, ""20"": 2, ""25"": 19}",2912.688947748393,2912.688947748393,12322.663315106183,2615.364219993353,2870.347147807479,148.4711030498147,nan,nan,nan,nan,nan,nan,nan,nan,nan
ordered_transformer,libero_10,8,KITCHEN_SCENE8_put_both_moka_pots_on_the_stove,344,344,1,0,387,16,16,23.75,"{""20"": 4, ""25"": 12}",1801.5380343422294,1801.5380343422294,9449.44447511807,1641.0180497914553,1773.9037992432714,86.36312512680888,nan,nan,nan,nan,nan,nan,nan,nan,nan
ordered_feedback_current,libero_10,8,KITCHEN_SCENE8_put_both_moka_pots_on_the_stove,344,344,1,0,492,20,20,24.25,"{""20"": 3, ""25"": 17}",2435.9731473959982,2435.9731473959982,11330.836005974561,2189.1280002892017,2398.3549820259213,128.44276474788785,nan,nan,nan,nan,nan,nan,nan,nan,nan
ordered_feedback_current,libero_10,8,KITCHEN_SCENE8_put_both_moka_pots_on_the_stove,345,345,1,0,389,16,16,24.6875,"{""20"": 1, ""25"": 15}",1972.7474795654416,1972.7474795654416,9606.017136014998,1768.3819686062634,1942.7541112527251,100.76057258993387,nan,nan,nan,nan,nan,nan,nan,nan,nan
ordered_transformer,libero_10,8,KITCHEN_SCENE8_put_both_moka_pots_on_the_stove,345,345,1,0,468,21,21,22.142857142857142,"{""15"": 2, ""20"": 8, ""25"": 11}",2550.108516588807,2550.108516588807,11029.14022328332,2295.914595015347,2513.1147266365588,132.74652836844325,nan,nan,nan,nan,nan,nan,nan,nan,nan
ordered_transformer,libero_10,9,KITCHEN_SCENE6_put_the_yellow_and_white_mug_in_the_microwave_and_close_it,336,336,1,0,259,15,15,18.0,"{""5"": 3, ""10"": 2, ""20"": 3, ""25"": 7}",1808.8962021283805,1808.8962021283805,9222.240041941404,1629.422043915838,1782.9176266677678,92.98769291490316,nan,nan,nan,nan,nan,nan,nan,nan,nan
ordered_feedback_current,libero_10,9,KITCHEN_SCENE6_put_the_yellow_and_white_mug_in_the_microwave_and_close_it,336,336,1,0,264,15,15,18.0,"{""5"": 3, ""10"": 2, ""20"": 3, ""25"": 7}",1814.0899776481092,1814.0899776481092,9262.145534157753,1633.2449782639742,1787.9887358285487,91.92109107971191,nan,nan,nan,nan,nan,nan,nan,nan,nan
ordered_feedback_current,libero_10,9,KITCHEN_SCENE6_put_the_yellow_and_white_mug_in_the_microwave_and_close_it,337,337,1,0,313,15,15,20.333333333333332,"{""5"": 3, ""20"": 2, ""25"": 10}",1804.5192565768957,1804.5192565768957,9825.88013401255,1624.553143978119,1777.625239919871,92.18609286472201,nan,nan,nan,nan,nan,nan,nan,nan,nan
ordered_transformer,libero_10,9,KITCHEN_SCENE6_put_the_yellow_and_white_mug_in_the_microwave_and_close_it,337,337,1,0,267,12,12,23.333333333333332,"{""10"": 1, ""20"": 1, ""25"": 10}",1451.1547898873687,1451.1547898873687,8762.023137882352,1303.2758068293333,1430.1403551362455,73.70781106874347,nan,nan,nan,nan,nan,nan,nan,nan,nan
ordered_transformer,libero_10,9,KITCHEN_SCENE6_put_the_yellow_and_white_mug_in_the_microwave_and_close_it,338,338,1,0,536,26,26,21.153846153846153,"{""5"": 2, ""10"": 1, ""20"": 9, ""25"": 14}",3115.74593372643,3115.74593372643,13902.267517056316,2805.4309524595737,3071.0833966732025,159.3303601257503,nan,nan,nan,nan,nan,nan,nan,nan,nan
ordered_feedback_current,libero_10,9,KITCHEN_SCENE6_put_the_yellow_and_white_mug_in_the_microwave_and_close_it,338,338,1,0,245,12,12,21.25,"{""5"": 1, ""10"": 1, ""20"": 2, ""25"": 8}",1452.3362223990262,1452.3362223990262,8626.317746005952,1304.1919018141925,1430.6142856366932,76.10240718349814,nan,nan,nan,nan,nan,nan,nan,nan,nan
ordered_feedback_current,libero_10,9,KITCHEN_SCENE6_put_the_yellow_and_white_mug_in_the_microwave_and_close_it,339,339,1,0,269,12,12,23.333333333333332,"{""20"": 4, ""25"": 8}",1451.0864354670048,1451.0864354670048,8876.307010184973,1305.951007641852,1430.2296424284577,74.29561484605074,nan,nan,nan,nan,nan,nan,nan,nan,nan
ordered_transformer,libero_10,9,KITCHEN_SCENE6_put_the_yellow_and_white_mug_in_the_microwave_and_close_it,339,339,1,0,269,12,12,23.333333333333332,"{""20"": 4, ""25"": 8}",1464.7610099054873,1464.7610099054873,8992.140133865178,1315.346292220056,1442.4489755183458,75.59277582913637,nan,nan,nan,nan,nan,nan,nan,nan,nan
ordered_transformer,libero_10,9,KITCHEN_SCENE6_put_the_yellow_and_white_mug_in_the_microwave_and_close_it,340,340,1,0,258,13,13,20.0,"{""5"": 2, ""15"": 1, ""20"": 3, ""25"": 7}",1569.5993639528751,1569.5993639528751,9029.514832887799,1408.5098514333367,1545.2824458479881,81.07290463522077,nan,nan,nan,nan,nan,nan,nan,nan,nan
ordered_feedback_current,libero_10,9,KITCHEN_SCENE6_put_the_yellow_and_white_mug_in_the_microwave_and_close_it,340,340,1,0,269,13,13,20.384615384615383,"{""5"": 2, ""15"": 1, ""20"": 2, ""25"": 8}",1576.2014375068247,1576.2014375068247,9104.35879882425,1419.26574613899,1552.9126161709428,78.37386336177588,nan,nan,nan,nan,nan,nan,nan,nan,nan
ordered_feedback_current,libero_10,9,KITCHEN_SCENE6_put_the_yellow_and_white_mug_in_the_microwave_and_close_it,341,341,1,0,274,14,14,18.928571428571427,"{""5"": 4, ""20"": 1, ""25"": 9}",1650.4721534438431,1650.4721534438431,9236.23105790466,1491.2631842307746,1625.6897426210344,83.3326680585742,nan,nan,nan,nan,nan,nan,nan,nan,nan
ordered_transformer,libero_10,9,KITCHEN_SCENE6_put_the_yellow_and_white_mug_in_the_microwave_and_close_it,341,341,1,0,276,14,14,19.285714285714285,"{""5"": 3, ""10"": 1, ""20"": 1, ""25"": 9}",1679.207946639508,1679.207946639508,9210.928929038346,1510.8964177779853,1654.4916979037225,87.49748859554529,nan,nan,nan,nan,nan,nan,nan,nan,nan
ordered_transformer,libero_10,9,KITCHEN_SCENE6_put_the_yellow_and_white_mug_in_the_microwave_and_close_it,342,342,1,0,273,12,12,22.5,"{""10"": 1, ""20"": 3, ""25"": 8}",1463.0841640755534,1463.0841640755534,9086.246806196868,1312.5806259922683,1440.6341835856438,75.39503974840045,nan,nan,nan,nan,nan,nan,nan,nan,nan
ordered_feedback_current,libero_10,9,KITCHEN_SCENE6_put_the_yellow_and_white_mug_in_the_microwave_and_close_it,342,342,1,0,269,12,12,22.5,"{""10"": 1, ""20"": 3, ""25"": 8}",1442.0174262486398,1442.0174262486398,8978.878043126315,1296.9027692452073,1420.2458430081606,74.1047402843833,nan,nan,nan,nan,nan,nan,nan,nan,nan
ordered_feedback_current,libero_10,9,KITCHEN_SCENE6_put_the_yellow_and_white_mug_in_the_microwave_and_close_it,343,343,1,0,250,15,15,17.333333333333332,"{""5"": 3, ""10"": 2, ""15"": 1, ""20"": 3, ""25"": 6}",1792.606263421476,1792.606263421476,9099.083457142115,1612.6896422356367,1765.9807074815035,91.64614835754037,nan,nan,nan,nan,nan,nan,nan,nan,nan
ordered_transformer,libero_10,9,KITCHEN_SCENE6_put_the_yellow_and_white_mug_in_the_microwave_and_close_it,343,343,1,0,252,15,15,17.666666666666668,"{""5"": 3, ""10"": 2, ""15"": 1, ""20"": 2, ""25"": 7}",1800.048596225679,1800.048596225679,9058.021199889481,1619.2968166433275,1773.962302133441,92.17068366706371,nan,nan,nan,nan,nan,nan,nan,nan,nan
ordered_transformer,libero_10,9,KITCHEN_SCENE6_put_the_yellow_and_white_mug_in_the_microwave_and_close_it,344,344,1,0,248,11,11,21.818181818181817,"{""10"": 2, ""20"": 1, ""25"": 8}",1336.8312185630202,1336.8312185630202,8533.031250815839,1198.4102493152022,1316.8259365484118,70.68041292950511,nan,nan,nan,nan,nan,nan,nan,nan,nan
ordered_feedback_current,libero_10,9,KITCHEN_SCENE6_put_the_yellow_and_white_mug_in_the_microwave_and_close_it,344,344,1,0,248,12,12,20.0,"{""5"": 2, ""10"": 1, ""20"": 1, ""25"": 8}",1453.5037283785641,1453.5037283785641,8639.769463334233,1307.5470537878573,1432.3446215130389,74.0110781043768,nan,nan,nan,nan,nan,nan,nan,nan,nan
ordered_feedback_current,libero_10,9,KITCHEN_SCENE6_put_the_yellow_and_white_mug_in_the_microwave_and_close_it,345,345,0,1,1000,47,47,21.06382978723404,"{""20"": 37, ""25"": 10}",5690.704440698028,5690.704440698028,22630.297247786075,5113.9122429303825,5605.96663178876,293.851581402123,nan,nan,nan,nan,nan,nan,nan,nan,nan
ordered_transformer,libero_10,9,KITCHEN_SCENE6_put_the_yellow_and_white_mug_in_the_microwave_and_close_it,345,345,1,0,325,13,13,24.615384615384617,"{""20"": 1, ""25"": 12}",1569.8938984423876,1569.8938984423876,9837.888828944415,1409.264591988176,1545.550145674497,79.09680670127273,nan,nan,nan,nan,nan,nan,nan,nan,nan
